first_name,last_name,title,dept_no
Hilari,Morton,Senior Staff,d007
Ohad,Esposito,Technique Leader,d005
Dipayan,Seghrouchni,Senior Staff,d007
Kokou,Iisaka,Senior Staff,d008
Teunis,Noriega,Technique Leader,d004
Teunis,Noriega,Technique Leader,d005
Lech,Himler,Senior Staff,d008
Juyoung,Seghrouchni,Senior Engineer,d004
Keiichiro,Glinert,Engineer,d004
Rasiah,Sudkamp,Senior Engineer,d005
Morrie,Schurmann,Staff,d002
Kazuhiko,Sidou,Technique Leader,d004
Denny,Tchuente,Assistant Engineer,d005
Sudhanshu,Demian,Senior Staff,d003
Magdalena,Cannard,Engineer,d004
Caolyn,Setiz,Senior Staff,d007
Sastry,Marrevee,Engineer,d004
Nakhoon,Luga,Senior Staff,d007
Nikolaos,Kruskal,Engineer,d004
Bouchung,Bugrara,Senior Staff,d002
Arvin,Rabejac,Engineer,d005
Remmert,Schahn,Senior Staff,d007
Gaurav,Swick,Assistant Engineer,d004
Morris,Garigliano,Senior Staff,d002
Berry,DeMori,Engineer,d004
Yaghout,Kenevan,Engineer,d004
Yaghout,Kenevan,Engineer,d005
Zengping,Boreale,Staff,d007
Gennady,Roison,Assistant Engineer,d005
Filipp,Carrere,Technique Leader,d004
Mabhin,Calkin,Engineer,d004
Adil,Matzke,Engineer,d005
Filipp,Rousseau,Engineer,d005
Stafford,Honglei,Staff,d009
Surveyors,Crouzet,Senior Staff,d003
Taiji,Jarecki,Engineer,d005
Elzbieta,Morris,Engineer,d004
Satoru,Yoshizawa,Senior Staff,d009
Ziva,Kowalchuk,Engineer,d005
Utz,Heuter,Senior Staff,d001
Kazunori,Peak,Senior Staff,d009
Rafael,Skafidas,Engineer,d004
Vidar,Demri,Staff,d009
Candida,Benveniste,Engineer,d004
Christoph,Trystram,Senior Staff,d009
Otmar,Rothenberg,Engineer,d004
Jianhui,Cangellaris,Assistant Engineer,d004
Piyush,Danecki,Engineer,d005
Yongmin,Lanteri,Senior Staff,d001
Yongmin,Lanteri,Senior Staff,d007
Karsten,Azadmanesh,Senior Engineer,d005
Mohammed,Brizzi,Senior Staff,d007
Huai,Birch,Assistant Engineer,d004
Huai,Birch,Assistant Engineer,d005
Perla,Jumpertz,Senior Staff,d007
Jasminko,Bresenham,Senior Staff,d005
Jasminko,Bresenham,Senior Staff,d008
Barry,Unno,Senior Staff,d001
Manibrata,Genther,Engineer,d004
Hilari,Fairtlough,Technique Leader,d004
Jaana,Perez,Technique Leader,d005
Roddy,Rubsam,Senior Engineer,d005
Lubomir,Wroclawski,Engineer,d006
Zhonghui,Conta,Staff,d007
Anwar,Passafiume,Senior Staff,d007
Cordelia,Gischer,Engineer,d004
Ingmar,Basawa,Senior Staff,d008
Nevin,Rodham,Senior Staff,d008
Jiakeng,Kalorkoti,Engineer,d005
Zongyan,Dalphin,Engineer,d005
Wanqing,Krohm,Senior Staff,d009
Piyawadee,Leppanen,Senior Staff,d002
Shuji,Kandlur,Engineer,d004
Manu,Rosiles,Senior Staff,d007
Falguni,Pezzoli,Engineer,d004
Tooru,Veldwijk,Senior Staff,d009
Xinglin,Mitsuhashi,Engineer,d005
Chenxi,Sundgren,Senior Engineer,d005
Tua,Giveon,Technique Leader,d004
Xumin,Thorensen,Staff,d001
Gilbert,Calkin,Senior Staff,d009
Satoru,Vidal,Assistant Engineer,d004
Valery,Mersereau,Assistant Engineer,d004
Kolar,Steenbeek,Senior Engineer,d005
Jouko,Hellwagner,Senior Engineer,d004
Jouko,Hellwagner,Senior Engineer,d006
Pranay,Giarratana,Senior Engineer,d004
Kousuke,Vecchio,Engineer,d004
Tetsushi,Conta,Senior Staff,d008
Mayuko,Skafidas,Technique Leader,d005
Leon,Potthoff,Engineer,d005
Randi,Avouris,Engineer,d005
Sailaja,Chvatal,Staff,d007
Gudjon,Majewski,Senior Engineer,d005
Yakkov,Samarati,Senior Staff,d001
Yakkov,Samarati,Senior Staff,d007
Divine,Sidhu,Senior Staff,d002
Leandro,Gist,Technique Leader,d004
Abdelwaheb,Dulin,Senior Engineer,d004
Oksana,Zultner,Senior Staff,d002
Harngdar,Schapire,Engineer,d005
Mark,Lalonde,Staff,d001
Murthy,Peek,Engineer,d004
Murthy,Peek,Engineer,d005
Terresa,Peres,Senior Staff,d001
Atreye,Stanger,Assistant Engineer,d005
Ingmar,Nannarelli,Senior Staff,d008
Radoslaw,Maliniak,Staff,d001
Radoslaw,Maliniak,Staff,d007
Tadahiko,Melton,Engineer,d005
Jessie,Thorelli,Senior Staff,d009
Steen,Fasbender,Technique Leader,d004
Anwar,Collette,Senior Engineer,d005
Anwar,Collette,Senior Engineer,d008
Angel,Sichman,Senior Staff,d007
Kyoichi,Callaway,Senior Staff,d003
Chinhyun,Bauknecht,Senior Engineer,d005
Naftaly,Foong,Engineer,d004
Felicidad,Kumaresan,Senior Staff,d007
Erzsebet,Shigei,Senior Engineer,d004
Erzsebet,Shigei,Senior Engineer,d006
Moni,Kohling,Staff,d001
Moni,Kohling,Staff,d007
Ennio,Babu,Senior Engineer,d004
Bokyung,Stamatiou,Technique Leader,d004
Jiang,Waschkowski,Engineer,d004
Leif,Ashish,Senior Staff,d009
Chandrasekaran,Peek,Engineer,d005
Chandrasekaran,Peek,Engineer,d008
Ashish,Talmon,Engineer,d004
Ashish,Talmon,Engineer,d006
Oscar,Kusalik,Senior Staff,d009
Ulf,Oberman,Senior Engineer,d005
Serif,Gladwell,Senior Staff,d002
Fen,Genin,Senior Staff,d007
Uma,Reinhard,Staff,d009
Hailing,Levergood,Staff,d009
Kotesh,Rajala,Engineer,d006
Jeong,Undy,Senior Staff,d009
Suzette,Butterworth,Senior Engineer,d005
Michaela,Randi,Engineer,d005
Masasuke,Babu,Engineer,d004
Fumiko,Deverell,Senior Staff,d007
JoAnne,Baez,Senior Engineer,d006
Huei,Orsini,Engineer,d004
Shuichi,Ruemmler,Senior Staff,d001
Shuichi,Ruemmler,Senior Staff,d003
Martijn,Vendrig,Senior Staff,d008
Changho,Cappelli,Staff,d003
Rimon,Kawashima,Senior Staff,d008
Mahmut,Lampe,Engineer,d004
Otmar,Sudbeck,Staff,d007
Toshiki,Ghazalie,Senior Staff,d007
Sudhanshu,Boissier,Engineer,d005
Spyrose,Felder,Senior Engineer,d004
Spyrose,Felder,Senior Engineer,d009
Harngdar,Bernardinello,Engineer,d005
Michaela,Ramsak,Senior Staff,d008
Shimshon,Aingworth,Senior Staff,d009
Marla,Cherinka,Technique Leader,d005
Petter,Thummel,Technique Leader,d004
Bikash,Buchter,Senior Staff,d007
Bikash,Buchter,Senior Staff,d009
Willard,Vernadat,Engineer,d005
Keung,Schapiro,Senior Engineer,d004
Keung,Schapiro,Senior Engineer,d006
Xiong,Uhrik,Senior Engineer,d005
Yucai,Simmen,Senior Staff,d007
Shuji,Remmers,Senior Staff,d003
Brigham,Eterovic,Engineer,d004
Shaleah,Eickenmeyer,Senior Staff,d008
Yucel,Lortz,Engineer,d006
Maha,Waterhouse,Senior Staff,d002
Huei,Boguraev,Senior Staff,d003
Phillip,Oxenboll,Engineer,d004
Alenka,Ritcey,Engineer,d005
Maria,Eppinger,Engineer,d005
Mingzeng,Sadowski,Senior Engineer,d005
Mark,Schwaller,Senior Staff,d001
Volkmar,Uhrik,Engineer,d004
Sariel,Wynblatt,Assistant Engineer,d005
Dulce,Speel,Engineer,d005
Zhaofang,Penn,Senior Staff,d009
Wuxu,Trogemann,Senior Staff,d007
Junsik,Berendt,Senior Engineer,d004
Tooru,Daescu,Senior Staff,d007
Pasqua,Maraist,Engineer,d005
Toong,Litecky,Senior Staff,d009
Marco,Usdin,Engineer,d005
Gonzalo,Binkley,Engineer,d005
Naraig,Jenevein,Senior Engineer,d005
Juyoung,Vieri,Senior Staff,d007
Edwin,Haldar,Senior Staff,d001
Sariel,Massonet,Senior Staff,d007
Hitomi,Schaap,Staff,d003
Leen,Lamparter,Engineer,d004
Yuichiro,Malabarba,Senior Staff,d002
Filipp,Akaboshi,Senior Staff,d007
Kazuhisa,Benantar,Senior Staff,d001
Kazuhisa,Benantar,Senior Staff,d007
Filipp,Flanders,Engineer,d005
Lena,Peek,Engineer,d004
Tze,Bach,Engineer,d004
Siddarth,Cappelletti,Staff,d007
Baocai,Leaver,Senior Staff,d003
Xinan,Rindone,Engineer,d004
Mooi,Stafford,Senior Engineer,d006
Aron,Harbusch,Staff,d002
Boguslaw,Snedden,Senior Staff,d001
Marie,Khalid,Senior Engineer,d004
Marie,Khalid,Senior Engineer,d005
Chriss,Fasbender,Staff,d007
Theirry,Albarhamtoshy,Senior Staff,d001
Youngkon,Rohrbach,Engineer,d005
Rosine,Lakshmanan,Engineer,d005
Chikako,Armand,Senior Engineer,d004
Phule,Heijenga,Senior Staff,d005
Phule,Heijenga,Senior Staff,d008
Trygve,Krupka,Senior Staff,d008
Adas,Denti,Senior Staff,d007
Jouni,Munoz,Senior Staff,d005
Jouni,Munoz,Senior Staff,d008
Augustine,Mungall,Engineer,d004
Augustine,Mungall,Engineer,d009
Arup,Colorni,Senior Staff,d007
Shugo,Yurek,Senior Staff,d007
Alain,Penn,Technique Leader,d006
Khalil,Picci,Engineer,d004
Khalil,Picci,Engineer,d006
Lobel,Werthner,Engineer,d004
Premsyl,Lortz,Senior Staff,d007
Eberhardt,Carrera,Staff,d008
Sham,Vasanthakumar,Senior Staff,d001
Sham,Vasanthakumar,Senior Staff,d009
Zdislav,Mandelberg,Engineer,d004
Jiafu,Marchegay,Engineer,d005
Bodo,Schade,Senior Staff,d001
Arnould,Gaughan,Engineer,d004
Shaowen,Segond,Engineer,d005
Etsuo,Serot,Senior Staff,d002
Sumant,Nergos,Senior Staff,d004
Sumant,Nergos,Senior Staff,d009
Breannda,Cangellaris,Staff,d007
Adit,Syrotiuk,Engineer,d004
Shih,Lindqvist,Senior Engineer,d005
Jianwen,Litzler,Engineer,d004
Adin,Scallan,Senior Staff,d007
Makato,Remmers,Engineer,d005
Remzi,Douceur,Engineer,d004
Sigeru,Nivat,Senior Staff,d002
Olivera,Hanabata,Senior Staff,d007
Roded,Picco,Assistant Engineer,d005
Nagui,Gruenwald,Engineer,d004
Nagui,Gruenwald,Engineer,d006
Menkae,Chinin,Senior Engineer,d004
Menkae,Chinin,Senior Engineer,d006
Sanjoy,Boudaillier,Engineer,d005
Bezalel,Karner,Staff,d002
Shigenori,Sullins,Senior Staff,d001
Mariusz,Vural,Engineer,d005
Ziya,Zambonelli,Engineer,d004
Yechiam,Cairo,Senior Staff,d001
Yechiam,Cairo,Senior Staff,d007
Gennady,Liesche,Senior Staff,d007
Palash,Trelles,Engineer,d005
Ronnie,Pollock,Technique Leader,d005
Zita,Hiltgen,Staff,d002
Zsolt,Riefers,Senior Staff,d001
Steen,Salvesen,Technique Leader,d004
Heekeun,Emmart,Assistant Engineer,d005
Surveyors,Bade,Senior Staff,d009
Erzsebet,Claffy,Staff,d001
Erzsebet,Claffy,Staff,d007
Jeanna,Stemann,Engineer,d004
Moty,Mersereau,Senior Staff,d003
Bedir,Siegrist,Engineer,d004
Rildo,Masaki,Engineer,d006
Tetsushi,Sridhar,Senior Staff,d001
Tetsushi,Sridhar,Senior Staff,d007
Leszek,Werthner,Staff,d001
Cheong,Uhrik,Engineer,d005
Cheong,Uhrik,Engineer,d008
Dannz,Ohori,Senior Staff,d004
Dannz,Ohori,Senior Staff,d009
Kasidit,Papsdorf,Engineer,d005
Woody,Rusmann,Assistant Engineer,d006
Heeju,Cappelli,Engineer,d004
Karlis,Nanard,Engineer,d004
Adel,Bressoud,Engineer,d005
Tetsushi,Tanemo,Engineer,d004
Hiroyasu,Seuren,Senior Engineer,d004
Hinrich,Scallan,Staff,d003
Heekeun,Slaats,Senior Staff,d007
Falguni,Cherinka,Senior Engineer,d004
Falguni,Cherinka,Senior Engineer,d009
Sedat,Itzigehl,Engineer,d005
Laurentiu,Benzmuller,Senior Engineer,d005
Golgen,Schoegge,Senior Staff,d009
Tsutomu,Rebaine,Engineer,d006
Atilio,Segond,Engineer,d004
Zsolt,Brender,Senior Staff,d007
Shin,Piveteau,Engineer,d005
Krister,Pappas,Staff,d007
Eldridge,Eldridge,Engineer,d004
Eldridge,Eldridge,Engineer,d006
Jeane,Tasistro,Technique Leader,d004
Aksel,Picaronny,Engineer,d005
Patricia,Pepe,Senior Staff,d007
Mandell,Alameldin,Senior Staff,d007
Domenico,Candan,Engineer,d004
Dung,Leaver,Staff,d008
Jianhao,Tomescu,Engineer,d004
Deniz,Thibadeau,Engineer,d005
Yonghong,Baig,Staff,d001
Aiman,Rosaz,Engineer,d005
Sadok,Lorys,Senior Staff,d001
Fumitaka,Roohalamini,Staff,d003
Aiman,Gargeya,Engineer,d004
Munenori,Debuse,Senior Engineer,d004
Yucai,Seghrouchni,Engineer,d004
Chinhyun,Rassart,Senior Engineer,d004
Jaques,DiGiano,Technique Leader,d005
Shietung,Shrader,Senior Staff,d007
Shuky,Redmiles,Senior Staff,d001
Shuky,Redmiles,Senior Staff,d007
Miyeon,Rothe,Senior Staff,d007
Chinya,Cooke,Engineer,d005
Lalit,Unni,Assistant Engineer,d004
Lalit,Unni,Assistant Engineer,d005
Tru,Miyakawa,Senior Staff,d001
Arumugam,Nitta,Senior Engineer,d004
Domenick,Basart,Senior Staff,d007
Sajjad,Vitiello,Senior Staff,d003
Pranjal,Schapiro,Senior Staff,d007
Kinh,Buchter,Engineer,d004
Cathie,Peck,Engineer,d005
Cathie,Peck,Engineer,d008
Kristinn,Olano,Senior Engineer,d004
Hitomi,Takanami,Assistant Engineer,d005
Adil,Laventhal,Assistant Engineer,d005
Sajjad,Waeselynck,Engineer,d005
Feiyu,Siepmann,Senior Engineer,d004
Naraig,Veldwijk,Engineer,d006
Honglan,Hutton,Engineer,d006
Takahira,Szilard,Senior Staff,d007
Froduald,Feldhoffer,Senior Engineer,d005
Shigeo,Merey,Senior Engineer,d004
Qingxiang,Badache,Engineer,d004
Anneke,Bernardeschi,Engineer,d004
Anneke,Bernardeschi,Engineer,d009
Holgard,Weiland,Senior Engineer,d004
Hiroyasu,Provine,Engineer,d005
Masako,Bonifati,Senior Staff,d007
Yuuichi,Conde,Assistant Engineer,d004
Shuky,Jakobus,Engineer,d005
Kyoichi,Erman,Engineer,d005
Kolar,Hinsberger,Engineer,d004
Arif,Preusig,Senior Engineer,d005
Tristan,Mitsuhashi,Engineer,d006
Faiza,Garnham,Technique Leader,d005
Xinglin,Birge,Senior Staff,d009
Niranjan,Schaaf,Technique Leader,d004
Ronghao,Picaronny,Assistant Engineer,d005
Ashish,Ratnaker,Senior Staff,d001
Ashish,Ratnaker,Senior Staff,d007
Susumu,Fritzsche,Engineer,d006
Leucio,Cappelli,Staff,d003
Conor,Ghandeharizadeh,Senior Engineer,d005
Katsuo,Hockney,Technique Leader,d004
Guiseppe,Ellozy,Senior Engineer,d004
Jeong,Cunliffe,Senior Staff,d001
Arnd,Peir,Senior Engineer,d005
Sanjoy,Barreiro,Senior Staff,d001
Fei,Murtagh,Senior Staff,d007
Kazuhisa,Weiland,Senior Staff,d009
Shakhar,Baik,Staff,d007
Stella,Figueira,Senior Staff,d008
Shaowen,Eldridge,Senior Staff,d007
Koldo,Luit,Engineer,d004
Shigeo,Linnainmaa,Senior Engineer,d005
Harjit,Bardell,Engineer,d005
Jaewon,Boissier,Engineer,d005
Larisa,Kornyak,Technique Leader,d005
Larisa,Kornyak,Technique Leader,d006
Divine,Ghandeharizadeh,Staff,d007
Sreekrishna,Brender,Engineer,d005
Yechezkel,Perfilyeva,Engineer,d004
Poornachandra,Wilharm,Engineer,d004
Stevo,Thambidurai,Senior Staff,d003
Uwe,Koblick,Engineer,d005
Shigeu,Claffy,Engineer,d005
Shigeu,Claffy,Engineer,d006
Alselm,Rikino,Engineer,d005
Francesca,Ellozy,Senior Engineer,d004
Shigeichiro,Engelmann,Engineer,d005
Breannda,Collavizza,Engineer,d005
Leaf,Baak,Senior Staff,d007
Ohad,Kilgore,Engineer,d004
Ohad,Kilgore,Engineer,d009
Manohar,Harllee,Senior Engineer,d005
Zsolt,Hagimont,Senior Staff,d008
Babette,Eugenio,Staff,d009
Shuichi,Nanard,Senior Engineer,d004
Eberhardt,Barriga,Senior Staff,d007
Kristina,Baumann,Assistant Engineer,d005
Shiv,Aumann,Senior Engineer,d005
Tommaso,Vidya,Engineer,d005
Sverrir,Neimat,Staff,d008
Parke,Unno,Engineer,d005
Shin,Fujisaki,Technique Leader,d006
Ferdinand,Rosiles,Senior Staff,d002
Younwoo,Luders,Engineer,d004
Younwoo,Luders,Engineer,d006
Chiradeep,Callaway,Staff,d002
Yongdong,Pollock,Staff,d007
Udi,Merks,Engineer,d006
Pasqua,Taubman,Senior Staff,d009
Kristine,Clemencon,Senior Staff,d001
Kristine,Clemencon,Senior Staff,d007
Ronghao,Segond,Senior Engineer,d005
Jaewon,Thummel,Senior Staff,d001
Oldrich,Woycyznski,Engineer,d004
Zhenhua,Lorys,Engineer,d004
JoAnne,Anido,Staff,d008
Keung,Neiman,Staff,d007
Quingbo,Coombs,Senior Engineer,d005
Khun,Janetzko,Assistant Engineer,d004
Yongmin,Roccetti,Senior Staff,d008
Conor,Thorensen,Senior Engineer,d005
Goo,Bresenham,Senior Staff,d007
Lena,Cannane,Engineer,d005
Jungsoon,Birsak,Technique Leader,d004
Vasiliy,Ratnaker,Engineer,d005
Vojin,Coombs,Senior Staff,d002
Mang,Hedayat,Engineer,d005
Otmar,Birjandi,Engineer,d005
Tetsushi,Theuretzbacher,Senior Staff,d003
Conal,Yetto,Senior Staff,d002
Along,Erol,Senior Staff,d003
Mansur,Comyn,Engineer,d005
Guther,Rothenberg,Senior Staff,d008
Pranjal,Rossi,Staff,d001
Aiman,Mawatari,Engineer,d004
Xiadong,Shinomoto,Engineer,d004
Alexius,Ibel,Engineer,d004
Arnould,Weedman,Senior Staff,d001
Vivian,Guerreiro,Assistant Engineer,d005
Renny,Bale,Engineer,d004
Bader,Denis,Engineer,d004
Koichi,Assaf,Engineer,d004
Fumiko,Chepyzhov,Senior Staff,d009
Yonghoan,Trogemann,Assistant Engineer,d004
Rajmohan,DasSarma,Senior Staff,d001
Kazuhisa,Melter,Senior Staff,d009
Lucien,Schwartzburd,Engineer,d005
Yahiko,Hebden,Engineer,d004
Gunilla,Milicic,Staff,d001
Lobel,Stafford,Staff,d007
Jamaludin,Nilsson,Senior Staff,d007
Dmitry,Msuda,Senior Staff,d001
Aria,Kilgore,Engineer,d004
Aria,Kilgore,Engineer,d009
Visit,McFarlan,Engineer,d006
Zhanqiu,Farrow,Assistant Engineer,d004
Ranga,Merro,Assistant Engineer,d004
Mang,Atchley,Senior Staff,d007
Claude,Candan,Senior Staff,d007
Anyuan,Kropatsch,Senior Staff,d001
Huei,Hutter,Engineer,d005
Jaques,Kabayashi,Senior Engineer,d005
Richara,Walston,Senior Engineer,d006
Magdalena,Penn,Engineer,d004
Arie,Coullard,Senior Staff,d002
Arie,Coullard,Senior Staff,d007
Kristina,Neimat,Technique Leader,d004
Ramzi,Cronau,Technique Leader,d004
Aran,Cesareni,Senior Staff,d002
Aran,Cesareni,Senior Staff,d007
Hitofumi,Zaccaria,Engineer,d005
Heping,Matheson,Engineer,d005
Yishai,Cappelli,Staff,d008
Kristin,Guerreiro,Engineer,d005
Rasiah,Koblick,Senior Staff,d007
Alair,Lyonns,Engineer,d005
Gianluca,Ramaiah,Engineer,d005
Kristinn,Loncour,Engineer,d004
Nobuyoshi,Hegner,Senior Staff,d002
Kokou,Garrabrants,Senior Engineer,d004
Mohan,Tasistro,Engineer,d004
Arumugam,Vecchio,Engineer,d004
Jeanna,Chinen,Engineer,d004
Haldon,Janetzko,Senior Staff,d003
Avishai,Hegner,Senior Staff,d008
Sumali,Huttel,Senior Staff,d008
Ziya,Kadhim,Senior Engineer,d004
Ziya,Kadhim,Senior Engineer,d005
Florina,Assaf,Staff,d008
Shugo,Reeken,Staff,d009
Xiaobin,Christianini,Senior Staff,d009
Carrsten,Francisci,Senior Engineer,d005
Dhritiman,Anily,Staff,d007
Mahendra,Motley,Senior Staff,d008
Hisao,Peral,Engineer,d004
Heejo,Aamodt,Engineer,d005
Abdelaziz,Sury,Senior Staff,d007
Mori,Homond,Senior Staff,d007
Mantis,Millington,Senior Staff,d007
Adin,Templeman,Engineer,d004
Adin,Templeman,Engineer,d006
Djenana,Albarhamtoshy,Senior Staff,d003
Visit,Swen,Senior Staff,d001
Susanne,Peternell,Engineer,d005
Beshir,Hellwagner,Engineer,d006
Heping,Halloran,Assistant Engineer,d005
Pranjal,Zyda,Senior Staff,d007
Werner,Lodder,Senior Staff,d002
Parviz,Litzler,Engineer,d005
Kwun,Reeker,Technique Leader,d006
Diederik,Matzov,Engineer,d005
Diederik,Matzov,Engineer,d008
Mohamadou,Stafford,Engineer,d005
Haldun,Lienhardt,Senior Staff,d007
Sachem,Cromarty,Assistant Engineer,d005
Naftali,Schurmann,Engineer,d004
Nevio,Thisen,Senior Staff,d003
Lijie,Garrabrants,Senior Staff,d005
Lijie,Garrabrants,Senior Staff,d008
Babette,Anandan,Senior Staff,d001
Siamak,Luiz,Senior Engineer,d005
Fabrizio,Chleq,Senior Engineer,d005
Shahab,Crooks,Senior Staff,d001
Ramya,Walston,Senior Staff,d007
Hisao,Ghemri,Senior Staff,d009
Randi,Samarati,Senior Staff,d008
Shai,Stellhorn,Senior Engineer,d004
Oksana,Baek,Senior Staff,d007
Jamaludin,Kandlur,Senior Engineer,d005
Gor,Delgrande,Engineer,d005
Gor,Delgrande,Engineer,d008
Moty,Winter,Technique Leader,d004
Bangqing,Schach,Senior Staff,d002
Menkae,Etalle,Assistant Engineer,d005
Stamatina,Auyong,Senior Staff,d002
Mani,Cannata,Senior Staff,d007
Arco,Walston,Engineer,d004
Hatem,Fadgyas,Senior Engineer,d004
Godehard,Chorvat,Senior Staff,d007
Chuanti,Luff,Senior Staff,d009
Akemi,Fujisaki,Senior Engineer,d004
Akemi,Fujisaki,Senior Engineer,d006
Kirk,Quaggetto,Engineer,d005
Dinah,Denos,Senior Staff,d001
Susumu,Camurati,Senior Staff,d001
Alejandra,Khasidashvili,Staff,d003
Anneli,Perl,Senior Staff,d003
Fan,Kakkad,Senior Staff,d002
Genta,Terekhov,Assistant Engineer,d005
Waiman,Genin,Engineer,d005
Sudharsan,DeMori,Engineer,d004
Ortrun,Schmiedel,Engineer,d004
Gully,Perko,Engineer,d004
Zvonko,Murthy,Senior Staff,d009
Morris,Saoudi,Engineer,d004
Kerhong,Matzke,Engineer,d005
Isaac,Koshino,Senior Engineer,d005
Giordano,Pietrzykowski,Senior Staff,d003
Hugh,Jonsson,Senior Staff,d007
Zongyan,Gips,Technique Leader,d005
Ewing,DiGiano,Technique Leader,d005
Sasan,Thimonier,Senior Staff,d007
Yefim,Marwedel,Senior Staff,d003
Jessie,Nooteboom,Staff,d007
Jessie,Nooteboom,Staff,d009
Susuma,Bergere,Senior Staff,d002
Arve,Worfolk,Senior Staff,d008
Gretta,Huttel,Senior Engineer,d005
Hein,Lichtner,Senior Staff,d007
Hein,Lichtner,Senior Staff,d009
Franziska,Maginnis,Engineer,d005
Susanne,Mandelberg,Engineer,d005
Yahiko,Awdeh,Engineer,d006
Moni,Kornyak,Technique Leader,d005
Leszek,Spinelli,Staff,d001
Mary,Setiz,Senior Engineer,d005
Stabislas,Broder,Engineer,d004
Kien,Barreiro,Staff,d001
Kien,Barreiro,Staff,d003
Youjian,Yetto,Senior Staff,d007
Limsoon,Skafidas,Senior Staff,d002
Aiichiro,Kusalik,Engineer,d006
Yucai,Fabrizio,Staff,d007
Guadalupe,Pfau,Senior Staff,d008
Tzu,Sichman,Engineer,d005
Jacqueline,Akaboshi,Engineer,d004
Zhiguo,Ariola,Senior Staff,d001
Kellie,Schrooten,Assistant Engineer,d005
Shuji,Barbanera,Senior Staff,d008
Baziley,Falck,Assistant Engineer,d005
Chinya,Kamble,Senior Staff,d008
Remko,Vieth,Senior Staff,d003
Manu,Rothenberg,Engineer,d005
Shen,Flanders,Senior Staff,d007
Larisa,Lukaszewicz,Senior Staff,d007
Larisa,Lukaszewicz,Senior Staff,d009
Phillip,Schade,Engineer,d005
Pranjal,Juneja,Senior Engineer,d004
Xinyu,Edelhoff,Senior Engineer,d006
Krassimir,Garnier,Senior Staff,d003
Dante,Covnot,Senior Staff,d001
Nimmagadda,Baak,Assistant Engineer,d005
Shalesh,Lovengreen,Senior Staff,d003
Lihong,Zeilberger,Staff,d003
Gino,Lagarias,Engineer,d004
Saniya,Stenning,Senior Staff,d001
Werner,Ranze,Staff,d003
Domenico,Ratnaker,Engineer,d004
Gao,Ranze,Engineer,d005
Anwar,Bain,Engineer,d005
Leni,Henders,Senior Staff,d003
Sailaja,Holburn,Senior Staff,d009
Claudi,Stanfel,Engineer,d006
Yongmao,Fontan,Engineer,d005
Tru,Danecki,Staff,d007
Pranas,Narwekar,Engineer,d005
Armond,Perly,Engineer,d004
Xiaoqiang,Cardazo,Senior Staff,d007
Rayond,Klassen,Senior Staff,d009
Peer,Molberg,Engineer,d004
Ingmar,Kohling,Engineer,d005
Shirish,Vickson,Engineer,d005
Arfst,Chepyzhov,Engineer,d004
Gopalakrishnan,Angel,Engineer,d005
Dinkar,Hoppenstand,Engineer,d004
Flemming,Kroha,Staff,d003
Munehiro,Manders,Senior Staff,d009
Sven,Speer,Staff,d002
Pramod,Loncour,Senior Staff,d001
Sahrah,Angiulli,Senior Staff,d008
Aiichiro,Cromarty,Engineer,d005
Byong,Gustavson,Senior Engineer,d005
Xiaocheng,Suermann,Engineer,d005
Ashish,Vidya,Engineer,d004
Lena,Lenart,Senior Staff,d007
Otmar,Engberts,Senior Staff,d007
Masami,Puoti,Senior Engineer,d005
Yuchang,Eldridge,Senior Staff,d007
Yannik,Spelt,Technique Leader,d005
Abdelwaheb,Denis,Engineer,d006
Horward,Marzano,Staff,d009
Jianhao,Molenaar,Engineer,d005
Panayotis,Lukaszewicz,Engineer,d004
Shay,Servieres,Senior Staff,d002
Mokhtar,Poupard,Technique Leader,d005
Jiong,Garnham,Senior Staff,d003
Unal,DuBourdieux,Engineer,d004
Kristine,Bierman,Technique Leader,d006
Aemilian,Kusalik,Engineer,d005
Marsal,Acton,Staff,d001
Subhrajyoti,Denna,Staff,d008
Moie,Zastre,Technique Leader,d005
Susanna,Reeken,Senior Staff,d003
Demos,Asser,Senior Engineer,d005
Reinhard,Slaats,Engineer,d005
Poorav,Laventhal,Staff,d007
Sibyl,Rabehasaina,Senior Staff,d008
Poornachandra,Zielinski,Senior Staff,d001
Yuping,Babb,Senior Staff,d007
Shigenori,Deville,Technique Leader,d004
Nahid,Gyimothy,Staff,d009
Perla,Orlowska,Senior Engineer,d005
Perla,Orlowska,Senior Engineer,d008
Tesuya,dAstous,Engineer,d005
Saddek,Farris,Senior Staff,d009
Abdulah,Pocchiola,Engineer,d006
Djenana,Marrevee,Engineer,d004
Sangeeta,Kalefeld,Senior Staff,d001
Stein,Uludag,Senior Staff,d003
Miyeon,Billingsley,Senior Engineer,d005
Matt,Chvatal,Senior Engineer,d005
Valdiodio,Schlumberger,Assistant Engineer,d005
Badri,Schapire,Assistant Engineer,d006
Kazuhiko,Kushner,Senior Engineer,d005
Annemarie,Zallocco,Engineer,d004
Annemarie,Zallocco,Engineer,d005
Limsoon,Erol,Senior Engineer,d005
Gopalakrishnan,Suermann,Engineer,d004
Leaf,Awdeh,Senior Staff,d001
Leaf,Awdeh,Senior Staff,d003
Hidefumi,Moehrke,Staff,d001
Chiranjit,Dredge,Technique Leader,d004
Annemarie,Bressoud,Engineer,d005
Perry,Chachaty,Engineer,d005
True,Shobatake,Senior Staff,d008
George,Miake,Senior Staff,d003
Remmert,Quaggetto,Senior Staff,d007
Masasuke,Genin,Assistant Engineer,d005
Ipke,Kieras,Engineer,d005
Ramalingam,Remmele,Senior Engineer,d006
Mooi,Cooman,Engineer,d004
Giordano,Gini,Technique Leader,d006
Herbert,Erva,Engineer,d004
Gio,Murtha,Engineer,d005
Macha,Schnabel,Engineer,d005
Mikhail,Rousseau,Staff,d002
Garnik,Luce,Staff,d001
Francesca,Azuma,Senior Staff,d008
IEEE,Kroll,Engineer,d004
IEEE,Kroll,Engineer,d009
Yuriy,Plump,Senior Staff,d008
Bilhanan,Brendel,Senior Staff,d007
Nahla,Smailagic,Engineer,d004
Nahla,Smailagic,Engineer,d005
Berry,Yurek,Senior Staff,d009
Fabrizio,Lichtman,Engineer,d004
Harjit,Terekhov,Staff,d008
Pohua,Tasistro,Technique Leader,d004
Pohua,Tasistro,Technique Leader,d009
Paloma,Henseler,Engineer,d004
Gilbert,Kilgour,Staff,d003
Moni,Schach,Senior Staff,d007
Ewing,Millington,Engineer,d005
Jamaludin,Fordan,Engineer,d004
Tadahiro,Backhouse,Engineer,d005
Bezalel,Radivojevic,Senior Staff,d009
Renny,Alameldin,Assistant Engineer,d004
Yinghua,Lorho,Senior Staff,d003
Kolar,Puppo,Engineer,d004
Shahar,Negoita,Senior Staff,d002
Dietrich,Crabtree,Senior Staff,d007
Takushi,Brattka,Staff,d001
Takushi,Brattka,Staff,d007
Trygve,Siksek,Staff,d007
Nectarios,Pramanik,Assistant Engineer,d004
Chandrasekaran,Pearson,Staff,d009
Goetz,Alvarado,Engineer,d005
Etsuo,Anandan,Senior Staff,d003
Nitsan,Rouquie,Engineer,d006
Barry,Ramsak,Engineer,d004
Tesuya,Bugrara,Assistant Engineer,d006
Alselm,Gargeya,Senior Engineer,d005
Khalid,Lenart,Engineer,d005
Fay,Sundgren,Senior Staff,d007
Etsuo,Usery,Engineer,d005
Cedric,Riefers,Engineer,d005
Zissis,Lodder,Engineer,d004
Zissis,Lodder,Engineer,d009
Kotesh,Chachaty,Engineer,d005
Baziley,Ballarin,Senior Staff,d007
Kellie,Heydon,Engineer,d005
Luerbio,Terkki,Senior Staff,d007
Foong,Aamodt,Senior Engineer,d004
Irena,Dratva,Senior Staff,d007
Sverrir,Gyimothy,Senior Staff,d007
Sverrir,Gyimothy,Senior Staff,d009
Gro,Prochazka,Engineer,d005
Anneli,Joslin,Senior Engineer,d004
Gio,Heuser,Senior Staff,d008
Henk,Anger,Senior Staff,d001
Sampalli,Bergere,Senior Engineer,d004
Jayesh,Spinelli,Senior Engineer,d004
Jayesh,Spinelli,Senior Engineer,d006
IEEE,Raczkowsky,Technique Leader,d005
Yechezkel,Maginnis,Senior Staff,d009
Insup,Reinhard,Senior Staff,d001
Almudena,Rijckaert,Engineer,d005
Huan,Olivero,Staff,d007
Adel,Foote,Staff,d007
Adel,Foote,Staff,d009
Miomir,Frezza,Technique Leader,d004
Uno,Suppi,Staff,d007
Vishv,Angelov,Senior Staff,d007
Minghong,Cronin,Senior Staff,d007
Tadahiko,Pocchiola,Staff,d007
Abdulla,Kitai,Senior Staff,d007
Susumu,Brender,Engineer,d004
Vesna,Fairtlough,Engineer,d005
Vesna,Fairtlough,Engineer,d008
Sugwoo,Michaels,Engineer,d004
Arunas,Bugrara,Assistant Engineer,d004
Bilhanan,Dusink,Senior Staff,d007
Oscal,Ernst,Senior Staff,d008
Mizuhito,Kobara,Senior Staff,d009
True,Tischendorf,Engineer,d004
Kolar,Greenaway,Staff,d009
Mack,Staylopatis,Engineer,d004
Temple,Cyre,Senior Staff,d009
Francesca,Chorvat,Senior Staff,d004
Francesca,Chorvat,Senior Staff,d008
Cedric,Molenaar,Engineer,d005
Jagoda,Anguita,Senior Engineer,d005
Uri,Lampe,Senior Staff,d001
Uri,Lampe,Senior Staff,d009
Emran,Miara,Engineer,d005
Atilio,Olivero,Engineer,d004
Limsoon,Boudaillier,Senior Engineer,d004
Limsoon,Boudaillier,Senior Engineer,d009
Bluma,Fetvedt,Senior Staff,d005
Bluma,Fetvedt,Senior Staff,d009
Herb,Murrill,Senior Engineer,d004
Herb,Murrill,Senior Engineer,d005
Tomokazu,Pargas,Assistant Engineer,d004
Richara,Sudkamp,Senior Staff,d001
Bingning,Iisaku,Senior Staff,d007
Kazuyasu,Levergood,Engineer,d005
Bowen,Deverell,Senior Staff,d001
Kazunori,Perz,Senior Engineer,d004
Abdulah,Lodder,Senior Staff,d007
Marjo,Delgrange,Senior Staff,d001
Arch,Basawa,Staff,d001
Mokhtar,Rebaine,Senior Staff,d001
Masoud,Suwa,Senior Staff,d002
Masoud,Suwa,Senior Staff,d003
Boaz,Seuren,Senior Staff,d008
Rosli,Butner,Assistant Engineer,d004
Poorav,Clouatre,Senior Engineer,d004
Shigenori,Hertweck,Engineer,d005
Arunachalam,Oppitz,Senior Staff,d007
Filipp,Winter,Engineer,d004
Gift,Bottner,Senior Staff,d003
Manohar,Kilgore,Staff,d007
Zhongwei,Melski,Engineer,d006
George,Casperson,Staff,d003
Alper,Tiemann,Engineer,d005
Shuzo,Czaja,Staff,d007
Tianruo,Strooper,Senior Staff,d001
Tianruo,Strooper,Senior Staff,d007
Shih,Shanbhogue,Staff,d003
Seongbae,Schahn,Senior Staff,d007
Xiaobin,Narlikar,Senior Staff,d003
Tzu,Bakhtari,Engineer,d004
Masako,Bahk,Engineer,d004
Chiranjit,Constantine,Engineer,d005
Xiong,Anick,Senior Staff,d001
Abdelghani,Lagarias,Engineer,d006
Sajjan,Falby,Staff,d007
Jaana,Milicia,Senior Staff,d001
Snehasis,Muhlberg,Senior Staff,d007
Snehasis,Muhlberg,Senior Staff,d009
Percy,Sudbeck,Assistant Engineer,d004
Hideyuki,Decleir,Senior Engineer,d005
Ute,Pokrovskii,Staff,d007
Ayonca,Matzov,Engineer,d004
Dmitry,Velardi,Engineer,d005
Dmitry,Velardi,Engineer,d008
Nechama,Gaughan,Assistant Engineer,d004
Nechama,Gaughan,Assistant Engineer,d009
Jolita,Neimat,Engineer,d005
Steen,Gubsky,Senior Staff,d007
Georgi,Luiz,Engineer,d004
Ranga,Sommen,Senior Staff,d007
Alexius,Plavsic,Senior Engineer,d005
Kish,Turnbull,Engineer,d005
Hinrich,Hooghiemstra,Senior Staff,d002
Yucel,Bernini,Engineer,d004
Pintsang,Impagliazzo,Senior Staff,d007
Divier,Kumaresan,Senior Staff,d003
Utpal,DuBourdieux,Technique Leader,d005
Shichao,Iwayama,Assistant Engineer,d005
Bezalel,Tsunoo,Senior Staff,d007
Moty,Sommen,Senior Engineer,d005
Mitsuyuki,Zockler,Technique Leader,d004
Chaosheng,Conta,Assistant Engineer,d006
Gill,Niizuma,Engineer,d005
Sanjeeva,Peron,Engineer,d004
Thodoros,Thimonier,Engineer,d006
Insup,Hainaut,Staff,d007
Stafford,Terlouw,Assistant Engineer,d004
Huiqun,Trystram,Senior Engineer,d004
Gunilla,Brendel,Engineer,d006
Armond,Lores,Technique Leader,d004
Tonny,Couchot,Staff,d007
Huan,Roccetti,Senior Engineer,d004
Oldrich,Cyre,Engineer,d005
Heejo,Merle,Technique Leader,d004
Halsur,Brodal,Engineer,d004
Hongzue,Barbanera,Senior Staff,d003
Ioana,Jakobus,Engineer,d005
Heather,Pehl,Staff,d001
Stabislas,Pardalos,Engineer,d005
Pascal,Bernatsky,Senior Staff,d001
Anyuan,Hanratty,Senior Staff,d002
Shaowei,Nicolson,Senior Staff,d003
Mountaz,Reinhart,Engineer,d005
Mountaz,Reinhart,Engineer,d008
Mariusz,Zolotykh,Senior Staff,d007
Weiwu,Butner,Staff,d007
Przemyslawa,Esposito,Engineer,d005
Xiaoqiang,Farrow,Staff,d007
Palash,Gammage,Senior Staff,d009
Xiahua,Gomatam,Senior Engineer,d004
Shuichi,Marrakchi,Senior Staff,d007
Conal,Magliocco,Senior Staff,d002
Stepehn,Bouloucos,Senior Staff,d005
Stepehn,Bouloucos,Senior Staff,d008
Mingdong,Baar,Technique Leader,d005
Vugranam,Beausoleil,Staff,d009
Reinhold,Rahier,Engineer,d004
Reinhold,Rahier,Engineer,d005
Hatem,Birsak,Senior Staff,d002
Sasan,Brookner,Senior Staff,d009
Dzung,Pargas,Technique Leader,d005
Masako,Kornatzky,Senior Engineer,d004
Jianhua,Huttel,Engineer,d005
Berni,Assaf,Senior Staff,d002
Mark,Lindqvist,Engineer,d004
Gila,Ramsak,Senior Engineer,d005
Volkmar,Czaja,Senior Staff,d007
Mrinalini,Holburn,Senior Staff,d002
Mrinalini,Holburn,Senior Staff,d007
Chinho,Bottner,Assistant Engineer,d005
Mayuko,Vural,Staff,d007
Lorien,Lagarias,Senior Staff,d001
Tamiya,Reutenauer,Senior Engineer,d004
Tamiya,Reutenauer,Senior Engineer,d005
Pramod,Bierman,Engineer,d005
Piyush,Gill,Engineer,d004
Piyush,Gill,Engineer,d006
Hideo,Buchter,Staff,d003
Danny,Lowrie,Technique Leader,d005
Shakhar,Ranze,Staff,d007
Atreye,Kabayashi,Senior Engineer,d005
Mingsen,Lally,Senior Engineer,d005
Mechthild,Zongker,Senior Staff,d007
Fusako,Schwartzbauer,Senior Staff,d007
Zdislav,Solares,Assistant Engineer,d004
Baoqiu,Tomescu,Senior Engineer,d005
Leandro,Swist,Senior Staff,d007
Noritoshi,Bakhtari,Senior Staff,d001
Bogdan,Bahi,Engineer,d004
Bogdan,Bahi,Engineer,d005
Navid,Staudhammer,Senior Staff,d002
Kensei,Salverda,Engineer,d004
Susuma,Kleiser,Senior Staff,d007
Miquel,Halloran,Senior Staff,d007
Fan,Marsiglia,Engineer,d004
Zsolt,Anily,Senior Staff,d001
Sumant,Nishimukai,Senior Staff,d007
Zvonko,Serdy,Senior Staff,d008
Anwar,Gubsky,Senior Staff,d002
Mart,Plumb,Senior Staff,d008
Mokhtar,Sabnani,Senior Staff,d001
Mokhtar,Sabnani,Senior Staff,d003
Moie,Tempesti,Senior Staff,d009
Susuma,Tagansky,Engineer,d004
Jordanka,Axelband,Senior Staff,d007
Irena,Kaiserswerth,Senior Staff,d007
Narain,Mikschl,Engineer,d005
LiMin,Teitelbaum,Engineer,d004
Naftali,Kragelund,Senior Staff,d001
Ulises,Frolund,Senior Staff,d001
Shunichi,Baer,Staff,d007
Dannz,Zhang,Senior Staff,d001
Taisook,Kampfer,Engineer,d004
Odoardo,Tyugu,Engineer,d004
Tsutomu,Neiman,Senior Staff,d005
Tsutomu,Neiman,Senior Staff,d009
Gully,Mitchem,Senior Staff,d009
Surveyors,Muhling,Engineer,d004
Mitsuyuki,Isard,Engineer,d005
Mitsuyuki,Isard,Engineer,d008
Holgard,Hegner,Senior Staff,d001
Minghong,Candan,Assistant Engineer,d004
Divine,Hofmeyr,Technique Leader,d005
Brigham,Asmuth,Engineer,d005
Wayne,Baba,Engineer,d005
Hongzhu,Beetstra,Senior Staff,d001
Hongzhu,Beetstra,Senior Staff,d009
Gunilla,Matzen,Senior Staff,d007
Mingsen,Weiland,Staff,d003
Prodip,Ritcey,Senior Staff,d007
Ranga,Waymire,Senior Staff,d008
Yefim,Pettey,Senior Staff,d007
Satyanarayana,Brandsma,Engineer,d005
Vojin,Laventhal,Engineer,d005
Limsoon,Leppanen,Engineer,d005
Shen,Yamaashi,Staff,d007
Ayakannu,Heinisuo,Senior Staff,d007
Jiann,Munro,Senior Engineer,d004
Uma,Prampolini,Engineer,d004
Holgard,Stavenow,Senior Staff,d008
Mari,Swick,Senior Staff,d007
Sajjad,Vecchi,Senior Staff,d003
Isaac,Klerer,Senior Staff,d003
Atilio,Randi,Engineer,d004
Hideyuki,Flanders,Engineer,d005
Gift,Solares,Senior Staff,d009
Alois,Sanella,Staff,d001
Vitali,Rothenberg,Senior Staff,d007
Uzi,Kugler,Senior Staff,d009
Rayond,Schach,Engineer,d004
Herbert,Itzigehl,Senior Engineer,d005
Michaela,Fandrianto,Senior Engineer,d005
Boaz,Bottner,Staff,d008
Caolyn,Poujol,Technique Leader,d006
Sudhanshu,Toyoshima,Senior Staff,d003
Munenori,Shobatake,Senior Staff,d001
Jaana,Werthner,Senior Staff,d007
Jeanna,Ghandeharizadeh,Senior Engineer,d005
Maren,DuCasse,Engineer,d005
Niranjan,Debuse,Engineer,d004
Chiranjit,Lyonns,Assistant Engineer,d005
Niteen,Ebeling,Senior Staff,d003
Lenore,Badache,Staff,d009
Jahangir,Hofting,Senior Staff,d007
Kish,Herbst,Staff,d007
Heeju,Lorys,Engineer,d004
Zijian,Covnot,Assistant Engineer,d005
Khosrow,Sommen,Senior Engineer,d006
Parke,Staylopatis,Engineer,d005
Masanao,Papastamatiou,Engineer,d004
Alper,Shinomoto,Engineer,d005
Nahla,Serdy,Senior Staff,d008
Xinglin,Haldar,Senior Staff,d007
Nahum,Codenie,Engineer,d005
Zijian,Lammel,Staff,d009
Fay,Bellmore,Engineer,d005
Ishfaq,Mahmud,Senior Staff,d001
Pintsang,Fujisawa,Senior Staff,d007
Duri,Beznosov,Senior Engineer,d006
Oksana,Redmiles,Engineer,d005
Theron,Ressouche,Engineer,d005
Martijn,Azevdeo,Senior Engineer,d005
Gal,Ranta,Engineer,d005
Moto,Kobara,Engineer,d006
Anneke,Hammerschmidt,Engineer,d006
Xiaocheng,Kumaresan,Staff,d007
Lena,Kohling,Engineer,d005
Kellyn,Bage,Senior Staff,d008
Arnould,Buescher,Engineer,d005
Utpal,Zaumen,Senior Staff,d007
Jaques,Nanard,Staff,d009
Toshimitsu,Seuren,Senior Staff,d003
Behnaam,Bierbaum,Engineer,d005
Nahum,Nishimukai,Engineer,d004
Nahum,Nishimukai,Engineer,d005
Sigeru,Versino,Engineer,d004
Woody,Trelles,Senior Engineer,d005
Steve,Dengi,Staff,d007
Youjian,Felder,Senior Staff,d003
Elliott,Speer,Engineer,d004
Shigeaki,Gihr,Engineer,d006
Jovan,Hockney,Engineer,d004
Sailaja,Negoita,Assistant Engineer,d005
Aamod,Ranka,Senior Staff,d002
Vidar,Ozeki,Technique Leader,d005
Randi,Munos,Senior Staff,d001
Troy,Kobuchi,Engineer,d005
Kauko,Narwekar,Engineer,d005
Shay,Heystek,Senior Staff,d007
Masoud,Asmuth,Staff,d003
Yifei,Birjandi,Senior Staff,d001
Cristinel,Gerlach,Engineer,d004
Susumu,Swiss,Senior Staff,d007
Horward,Khasidashvili,Senior Engineer,d005
Bedrich,Rosenbaum,Engineer,d005
Bowen,Narwekar,Senior Engineer,d005
Fai,Maccarone,Senior Staff,d008
Soenke,Lemarechal,Senior Staff,d009
Hilari,Vecchio,Senior Staff,d007
Zijian,Rindone,Senior Staff,d003
Boalin,Byoun,Senior Staff,d003
Kwangjo,Menhardt,Engineer,d005
Gregory,Collavizza,Senior Staff,d007
Shaowen,Poulakidas,Senior Staff,d008
Tsvetan,Sherertz,Assistant Engineer,d006
Shigehiro,Oxenboll,Senior Engineer,d004
Lalit,Blokdijk,Senior Engineer,d005
Danai,Trelles,Technique Leader,d005
Danai,Trelles,Technique Leader,d008
Siamak,Gomatam,Engineer,d005
Faiza,Bach,Engineer,d005
Menkae,Showalter,Engineer,d005
Khatoun,Pulkowski,Engineer,d005
Khatoun,Pulkowski,Engineer,d006
Masaru,Huhdanpaa,Engineer,d005
Hongzue,Zultner,Senior Staff,d008
Georgi,Bednarek,Engineer,d006
Bernd,Thummel,Assistant Engineer,d005
Ziya,Tokunaga,Engineer,d004
Hideyuki,Slaats,Senior Staff,d003
Syozo,Maliniak,Senior Staff,d001
Syozo,Maliniak,Senior Staff,d007
Moti,Steenbeek,Engineer,d005
Fumiya,Griswold,Engineer,d005
Sanjay,Litecky,Engineer,d005
Jungsoon,Bail,Senior Staff,d007
Takanari,Ermel,Senior Staff,d007
Marl,Fiebach,Senior Staff,d002
Claudi,Ruemmler,Staff,d002
Siddarth,Rosiles,Senior Engineer,d005
Ashish,Candan,Senior Staff,d001
Hironobu,Brodie,Engineer,d005
Hironobu,Brodie,Engineer,d008
Vesna,Lammel,Assistant Engineer,d005
Caolyn,Ozeri,Engineer,d005
Fun,Keirsey,Senior Staff,d009
Kauko,Fujisawa,Engineer,d005
Xuejun,Pfau,Senior Staff,d003
Jacopo,Bellone,Technique Leader,d004
Moon,Pews,Assistant Engineer,d004
Eben,Calkin,Senior Staff,d003
Val,Barvinok,Assistant Engineer,d005
Chiranjit,Serot,Staff,d007
Kankanahalli,Ciolek,Senior Staff,d003
Shaz,Driscoll,Staff,d008
Mariangiola,Heyers,Technique Leader,d005
Charmane,Simmen,Senior Staff,d007
Dipayan,Geffroy,Senior Engineer,d004
Palash,Spieker,Senior Staff,d008
Kamakshi,Bahl,Senior Engineer,d004
Lokesh,Saoudi,Senior Staff,d007
Cathie,Ratnakar,Senior Staff,d001
Irena,Terkki,Staff,d008
Marc,Bahl,Assistant Engineer,d005
Sailaja,Fujisaki,Assistant Engineer,d004
King,Benzmuller,Engineer,d005
Florina,Litecky,Senior Staff,d002
Zita,Syang,Staff,d002
Fumitake,Sichman,Senior Staff,d003
Luisa,Itzfeldt,Engineer,d006
Denny,Shobatake,Senior Staff,d008
Patricio,Itzfeldt,Senior Staff,d007
Hilari,Christ,Senior Staff,d005
Hilari,Christ,Senior Staff,d008
Angus,Jullig,Engineer,d005
Kamakshi,Manders,Staff,d007
Poornachandra,Asser,Engineer,d005
Bodo,Halevi,Engineer,d005
Danae,Kragelund,Senior Staff,d003
Oguz,Schurmann,Assistant Engineer,d004
Martins,Shokrollahi,Engineer,d004
Florian,Uhrig,Senior Staff,d009
Yannik,Falco,Technique Leader,d004
Shigehito,Duclos,Engineer,d006
Kersti,Granlund,Engineer,d005
Subhada,Janetzko,Senior Engineer,d004
Jeanna,Rettelbach,Engineer,d005
Weidon,Pollacia,Senior Staff,d002
Weidon,Pollacia,Senior Staff,d003
Toshimitsu,Sluis,Senior Engineer,d005
Deborah,Kaminger,Senior Staff,d001
Krisda,Hainaut,Senior Staff,d003
Jeanna,Bratten,Engineer,d005
Valery,Babb,Senior Engineer,d005
Zengping,Kakkar,Engineer,d005
Anestis,Setlzner,Engineer,d005
Eberhardt,Spelt,Staff,d003
Manu,Junet,Senior Staff,d001
Basem,Beausoleil,Engineer,d005
Morris,Fargier,Senior Staff,d007
Yechezkel,Yurov,Senior Engineer,d004
Yechezkel,Yurov,Senior Engineer,d006
Georgi,Portugali,Technique Leader,d004
Marek,Tomescu,Engineer,d005
Parviz,Picco,Engineer,d005
Malu,Ossenbruggen,Senior Staff,d008
Alexius,Crouzet,Staff,d007
Tommaso,Raczkowsky,Staff,d002
Fei,Erez,Engineer,d004
Fei,Erez,Engineer,d006
Shridhar,Chleq,Assistant Engineer,d004
Geoffrey,Ladret,Engineer,d005
Irene,Sethi,Senior Engineer,d005
Irene,Sethi,Senior Engineer,d006
Tsz,Daescu,Staff,d002
Tsz,Daescu,Staff,d007
Uno,Solares,Senior Staff,d009
Mayuri,Werthner,Senior Staff,d001
Mayuri,Werthner,Senior Staff,d007
Yongqiao,Cochrane,Senior Staff,d009
Jolita,Claffy,Senior Engineer,d005
Willard,Verspoor,Engineer,d004
Dekang,Tsunoo,Technique Leader,d004
Frazer,Candan,Senior Engineer,d006
Divier,Ishibashi,Engineer,d005
Xiadong,McClurg,Senior Staff,d003
Duri,Mitina,Engineer,d005
Kazuhisa,Riesenhuber,Senior Engineer,d004
Gudjon,Kalorkoti,Engineer,d005
Ronnie,Denos,Engineer,d004
Koichi,Grabner,Senior Engineer,d004
Koichi,Grabner,Senior Engineer,d006
Otmar,Brandsma,Engineer,d005
Martine,Cangellaris,Engineer,d004
Goncalo,Barbanera,Senior Staff,d001
Mitsuyuki,Jeansoulin,Senior Engineer,d004
Leen,Peak,Engineer,d005
Hsiangchu,Taubenfeld,Senior Staff,d008
Mototsugu,Prampolini,Senior Staff,d007
Remco,Duclos,Senior Staff,d002
Harjit,Ernst,Technique Leader,d005
Mohamadou,Grabner,Senior Staff,d009
Marco,Jahnichen,Senior Staff,d003
Tadanori,Msuda,Engineer,d004
Tadanori,Msuda,Engineer,d009
Wuxu,Kuhnemann,Engineer,d005
Bernd,Anick,Senior Engineer,d004
Elliott,Copas,Engineer,d005
Ipke,Schneeberger,Engineer,d005
Chinho,Delgrande,Senior Staff,d008
Dayanand,Wielonsky,Staff,d005
Dayanand,Wielonsky,Staff,d009
Juyoung,Willoner,Senior Staff,d007
Juyoung,Peltason,Assistant Engineer,d004
Shigeo,Emmart,Assistant Engineer,d004
Conal,Shackell,Senior Staff,d001
Conal,Shackell,Senior Staff,d007
Mrinalini,Bierbaum,Engineer,d005
Alain,Lieberherr,Engineer,d005
Nectarios,Itschner,Engineer,d005
Adamantios,Heemskerk,Senior Staff,d007
Kannan,Meriste,Senior Engineer,d005
Nathalie,Luke,Assistant Engineer,d005
Tokuyasu,Xiaoshan,Engineer,d004
Gio,Orsini,Senior Staff,d001
Shooichi,Vandervoorde,Engineer,d004
Bouchung,Zaumen,Senior Staff,d007
Josyula,Motley,Senior Engineer,d004
Josyula,Motley,Senior Engineer,d005
Oscar,Oppitz,Senior Staff,d001
Oscar,Oppitz,Senior Staff,d007
Arvin,Pusterhofer,Engineer,d004
Danel,Petereit,Engineer,d004
Kazuhiko,Gornas,Senior Engineer,d004
Kazuhide,Snedden,Senior Engineer,d004
Michaela,Otillio,Engineer,d004
Arunachalam,Magliocco,Senior Staff,d007
Ymte,Dalton,Senior Staff,d001
Heon,Broomell,Staff,d007
Ung,Orlowski,Senior Staff,d001
Susuma,Kitsuregawa,Engineer,d005
Mariangiola,Bolsens,Senior Staff,d009
Mabhin,Eastman,Senior Staff,d007
Frazer,Barbanera,Senior Staff,d008
Willard,Morrin,Senior Staff,d001
Raimond,Solovay,Staff,d007
Shawna,Krider,Senior Staff,d007
Khosrow,Erez,Senior Staff,d002
Shigeaki,Butner,Senior Staff,d007
Garnik,Randt,Senior Staff,d007
Zhaofang,Falster,Senior Staff,d007
Mariangiola,Bashian,Engineer,d005
Renny,Bednarek,Senior Staff,d003
Shichao,Thiria,Assistant Engineer,d004
Kenton,Miara,Engineer,d005
Kenton,Miara,Engineer,d008
Jagoda,Uhrig,Engineer,d004
Takushi,Strehl,Senior Staff,d007
Uma,Stranks,Senior Staff,d007
Joydip,Krone,Engineer,d005
Tsutomu,Tetzlaff,Senior Staff,d002
Constantijn,Lichtman,Senior Staff,d007
Heping,Monarch,Senior Staff,d007
Mariusz,Tokunaga,Senior Engineer,d005
Seshu,Kolvik,Technique Leader,d005
Danco,Luff,Engineer,d005
Kagan,Dredge,Engineer,d005
Changho,Veevers,Senior Staff,d002
Theron,Itschner,Senior Staff,d007
Jacqueline,Zallocco,Senior Staff,d007
Xuejun,Reeker,Senior Staff,d003
Vasilis,Waleschkowski,Engineer,d005
Moni,Staudhammer,Engineer,d005
Alagu,Vieri,Senior Staff,d001
Paddy,Zumaque,Senior Staff,d002
Yongdong,Jiang,Senior Staff,d004
Yongdong,Jiang,Senior Staff,d009
Paris,Range,Senior Staff,d007
Guther,Conia,Engineer,d005
Jahangir,Kroft,Senior Staff,d007
Shahaf,Luce,Senior Staff,d007
Kaijung,Mateescu,Senior Staff,d002
Supot,Badache,Engineer,d005
Danco,Rajala,Senior Staff,d003
Zejun,Broomell,Engineer,d004
Karsten,Kawashima,Engineer,d004
Huican,Lunn,Senior Staff,d009
Gaurav,Fendler,Senior Staff,d009
Sandeepan,Kulisch,Engineer,d004
Gopalakrishnan,Mawatari,Senior Staff,d007
Gopalakrishnan,Mawatari,Senior Staff,d009
Weijing,Viele,Engineer,d004
Utpal,Kemmerer,Senior Staff,d008
Mamdouh,Ramamoorthy,Senior Engineer,d005
Feiyu,Hemaspaandra,Staff,d009
Torsten,Ranta,Engineer,d005
Torsten,Ranta,Engineer,d008
Jaques,Navazio,Senior Staff,d002
Haldun,Compeau,Senior Staff,d002
Jaques,Gecsei,Staff,d009
Adil,Kieras,Senior Engineer,d004
Ronghao,Alpin,Senior Staff,d003
Jamaludin,Kalorkoti,Senior Staff,d001
Jamaludin,Kalorkoti,Senior Staff,d003
Hatsukazu,Rosca,Senior Staff,d002
Hatsukazu,Rosca,Senior Staff,d003
Ghassan,Androutsos,Senior Staff,d007
Theron,Billawala,Assistant Engineer,d005
Hugh,Senzako,Technique Leader,d006
Kazuyasu,Schmiedel,Senior Staff,d007
Mona,Luck,Senior Staff,d007
Alassane,Wolniewicz,Engineer,d005
Alassane,Wolniewicz,Engineer,d008
Seshu,Hiraishi,Senior Staff,d002
Limsoon,Roohalamini,Senior Staff,d007
Subhada,Emmerich,Engineer,d005
Yongqiao,Francisci,Engineer,d006
Bartek,Vendrig,Senior Staff,d007
Bartek,Vendrig,Senior Staff,d009
Fumiya,Chappelet,Assistant Engineer,d005
Ung,Honglei,Senior Staff,d003
Ranan,Marsiglia,Staff,d001
Renny,Gladwell,Staff,d007
Erzsebet,Setiz,Engineer,d005
Xiong,Roisin,Engineer,d006
Janalee,Lanzelotte,Senior Staff,d009
Kersti,Marsiglia,Engineer,d005
Khalil,Gien,Senior Engineer,d004
Masamitsu,Back,Senior Staff,d002
Masamitsu,Back,Senior Staff,d003
Visit,Thiran,Engineer,d005
Hideo,Varman,Engineer,d005
Poorav,Ranst,Senior Engineer,d005
Adamantios,Matzat,Senior Staff,d007
Arfst,Uehara,Senior Staff,d001
Arfst,Uehara,Senior Staff,d003
Alair,Straney,Senior Staff,d009
Kwangjo,Hiltgen,Engineer,d004
Arve,Bergere,Engineer,d005
Nitsan,Nollmann,Engineer,d004
Nitsan,Nollmann,Engineer,d009
Takahiro,Maquelin,Engineer,d005
Flemming,Driscoll,Engineer,d005
Flemming,Driscoll,Engineer,d006
Toshiko,Ibel,Senior Engineer,d005
Qunsheng,Birrer,Senior Staff,d001
Bojan,Montresor,Staff,d007
Tomofumi,Serna,Staff,d007
Make,Olivero,Assistant Engineer,d006
Keiichiro,Miyakawa,Senior Staff,d008
Takushi,Skogmar,Senior Staff,d007
Sahrah,Rosis,Engineer,d005
Brigham,Borstler,Staff,d007
Moie,Lieblein,Staff,d007
Kazuhide,Fiutem,Senior Staff,d001
Feixiong,Schurmann,Senior Staff,d001
Berthier,Pramanik,Senior Staff,d007
Conal,Basart,Senior Staff,d007
Genta,Pepe,Senior Staff,d003
Dietrich,Kranzdorf,Senior Staff,d007
Olivera,Bharadwaj,Senior Staff,d007
Hercules,Speer,Engineer,d006
Subir,Greibach,Senior Engineer,d005
Ohad,Henders,Senior Staff,d002
Wojceich,Limongiello,Senior Staff,d003
Feixiong,Haraldson,Staff,d008
Dines,DeMori,Senior Staff,d002
Kazuhide,Biran,Senior Staff,d007
Sumant,Thambidurai,Senior Staff,d001
Sumant,Thambidurai,Senior Staff,d007
Erez,Luft,Staff,d003
Kerhong,Lorho,Staff,d005
Kerhong,Lorho,Staff,d009
Lena,Giaccio,Senior Staff,d001
Lena,Giaccio,Senior Staff,d007
Rasikan,Barreiro,Senior Staff,d009
Lidong,Swist,Engineer,d005
Mari,Plessier,Senior Engineer,d005
Kousuke,Levasseur,Senior Staff,d009
Gunilla,Kisuki,Senior Staff,d002
Douadi,Sullins,Senior Staff,d007
Sandeepan,Rosti,Senior Engineer,d005
Tzvetan,Scharstein,Senior Staff,d003
Snehasis,Kalsbeek,Senior Staff,d007
Filipp,Hasham,Senior Staff,d001
Filipp,Hasham,Senior Staff,d009
Fabrizio,Usery,Senior Staff,d008
Miquel,Legleitner,Senior Staff,d007
Chinho,Collette,Senior Engineer,d004
Chinho,Collette,Senior Engineer,d006
Leszek,Marchegay,Engineer,d004
Claudi,Heijenga,Senior Staff,d008
Ravishankar,Baig,Senior Staff,d007
Martijn,DiGiano,Senior Engineer,d004
Zengping,Cusworth,Engineer,d004
Navid,Luke,Engineer,d004
Mona,Hebden,Engineer,d005
Siddarth,Masada,Staff,d008
Aksel,Gire,Engineer,d004
Christfried,Atrawala,Senior Staff,d002
Christfried,Atrawala,Senior Staff,d003
Marke,Klerer,Senior Staff,d008
Shaw,Kading,Senior Staff,d007
Vatsa,Ramsay,Senior Staff,d001
Vatsa,Ramsay,Senior Staff,d007
Heping,Skrikant,Senior Staff,d009
Kousuke,Worfolk,Senior Staff,d007
Irena,Cesareni,Senior Staff,d007
Prasadram,Bultermann,Senior Engineer,d004
Prasadram,Bultermann,Senior Engineer,d005
Udi,Rullman,Senior Engineer,d005
Berna,Schonegge,Staff,d008
Eldridge,Kawashima,Engineer,d006
Heping,Peac,Senior Staff,d008
Oscar,Baumann,Engineer,d004
Van,Nations,Technique Leader,d005
Gaurav,Roison,Senior Staff,d004
Gaurav,Roison,Senior Staff,d008
Masako,Dechter,Technique Leader,d004
Ebru,Valtorta,Engineer,d006
Fay,Cochrane,Staff,d007
Hercules,Kabayashi,Senior Engineer,d004
DAIDA,Nooteboom,Engineer,d005
Takahiro,Dalton,Technique Leader,d004
Aram,Passino,Senior Engineer,d005
Dannz,Miara,Engineer,d004
Gennady,Rouquie,Senior Staff,d003
Aleksander,Schaaf,Senior Staff,d007
Aleksander,Schaaf,Senior Staff,d009
Kirk,Zongker,Staff,d008
Stabislas,Kakkad,Senior Staff,d007
Paris,Restivo,Engineer,d005
Make,Heuser,Engineer,d006
Martijn,Jeong,Senior Staff,d007
Kamakshi,Hebert,Engineer,d004
Shiv,Baezner,Engineer,d004
Shiv,Vilarrasa,Engineer,d005
Mong,Dichev,Technique Leader,d004
Mart,Talmor,Staff,d007
Chiradeep,Arlazarov,Engineer,d004
Haldun,Syang,Staff,d002
Jahangir,Bernatsky,Senior Staff,d007
Fumitaka,Quittner,Senior Staff,d008
Hinrich,Perin,Engineer,d005
Selwyn,Henseler,Senior Engineer,d005
Udo,Waymire,Technique Leader,d005
Gill,Orlowska,Technique Leader,d006
Saeed,Bahl,Senior Staff,d002
DAIDA,Frolund,Engineer,d006
Sedat,Rande,Senior Staff,d007
Chanjung,Raoux,Engineer,d004
Yuriy,Ponthieu,Senior Staff,d002
Jaihie,Ozeri,Senior Staff,d007
Jacopo,Krohm,Engineer,d005
Bedrich,Isard,Senior Staff,d008
Radhika,Bonifati,Senior Staff,d003
Subir,Miake,Engineer,d004
Subir,Miake,Engineer,d009
Arra,Esposito,Staff,d007
Taiji,Berstel,Engineer,d005
Shigeichiro,Brattka,Senior Staff,d007
Fei,Gadepally,Assistant Engineer,d005
Gou,Thombley,Senior Engineer,d004
Gou,Thombley,Senior Engineer,d009
Alair,Nanard,Staff,d007
Lobel,Aloia,Senior Staff,d001
Aran,Rosenbaum,Senior Staff,d003
Gao,Lally,Staff,d009
Berni,Takkinen,Senior Staff,d001
Chinya,Leslie,Engineer,d006
Arne,Kohling,Engineer,d004
Ewing,Rajala,Senior Staff,d009
Fai,Keirsey,Engineer,d005
Stein,Perng,Senior Staff,d001
Mohammed,Georg,Engineer,d006
Gina,Ossenbruggen,Technique Leader,d004
Nechama,Ermel,Engineer,d005
Xiaoqiu,Pietracaprina,Senior Engineer,d004
Kamakshi,Schusler,Engineer,d004
Mohan,Picht,Engineer,d004
Soenke,Zaumen,Senior Staff,d001
Luisa,Baig,Engineer,d006
Qiwen,Kriebel,Senior Staff,d007
Giao,DuCasse,Engineer,d004
Peer,Angelopoulos,Engineer,d005
Tetsurou,Schreiter,Senior Staff,d007
Shounak,Dratva,Engineer,d005
Gay,Plavsic,Senior Staff,d003
Jinpo,Heyers,Staff,d008
Sorina,Lakshmanan,Staff,d007
Xumin,Beidas,Technique Leader,d006
Xudong,Peck,Senior Engineer,d005
Berna,Ranst,Engineer,d004
Indrajit,Krogh,Engineer,d005
Florian,Siepmann,Engineer,d004
Foong,Gargeya,Engineer,d004
Jackson,Zielinski,Senior Engineer,d005
Arch,Picco,Senior Staff,d001
Arch,Picco,Senior Staff,d009
Florian,Tramer,Engineer,d004
Thanasis,Standera,Senior Staff,d003
George,Atchley,Staff,d008
Mabhin,Foote,Engineer,d005
Shahaf,Kitai,Senior Staff,d009
Ramya,Azadmanesh,Engineer,d004
Val,Rissanen,Assistant Engineer,d005
Pramod,Wendorf,Engineer,d005
Mohit,Verhaegen,Senior Staff,d007
Hirochika,Goldhammer,Engineer,d006
Adly,Hambrick,Staff,d007
Munehiko,Gihr,Senior Staff,d003
Yoshinari,Lanteri,Engineer,d005
Remzi,Mitzlaff,Senior Staff,d007
Shietung,Gelosh,Engineer,d005
Shietung,Gelosh,Engineer,d008
Mrinalini,Mawatari,Staff,d007
Sumali,Cooman,Senior Staff,d007
Sumali,Cooman,Senior Staff,d009
Paloma,Gerlach,Engineer,d006
Somnath,Cummings,Senior Staff,d008
Itzchak,Penn,Staff,d001
Jinxi,Schmiedel,Senior Staff,d002
Ramya,Rossi,Senior Engineer,d004
Ramya,Rossi,Senior Engineer,d006
Jaber,Sethi,Technique Leader,d004
Jaber,Sethi,Technique Leader,d009
Alenka,Barriga,Senior Staff,d003
Huiqun,Henders,Senior Staff,d007
Abdelghani,Nyrup,Senior Staff,d009
Stafford,Gist,Engineer,d004
Tokuyasu,Ghelli,Engineer,d004
Vidar,Gunderson,Senior Staff,d009
Shahid,Varman,Senior Staff,d001
Mrinalini,Gire,Senior Staff,d003
Lakshmi,Frijda,Engineer,d005
Kwan,Kampfer,Staff,d003
Herb,Picht,Assistant Engineer,d004
Temple,Danlos,Senior Staff,d007
Hiroyasu,Strandh,Senior Staff,d009
Bezalel,Verhoeff,Engineer,d005
Yechezkel,Nourani,Senior Staff,d001
Boalin,Birsak,Senior Staff,d003
Przemyslawa,Borovoy,Senior Staff,d003
Nahum,Lambe,Technique Leader,d005
Mariusz,Rikino,Engineer,d004
Margareta,Bondorf,Engineer,d004
Kiyotoshi,Hennebert,Staff,d001
Kiyotoshi,Hennebert,Staff,d003
Sivanarayana,Chandrasekhar,Senior Staff,d001
Tsuneo,Skrikant,Staff,d009
Huei,Saoudi,Technique Leader,d005
Kamakshi,Huhdanpaa,Engineer,d004
Ranga,Lemarechal,Engineer,d005
Baziley,Brookner,Engineer,d006
Nadjib,Comellas,Engineer,d004
Nadjib,Comellas,Engineer,d006
Baruch,Basawa,Engineer,d005
Weiyi,Codenie,Engineer,d004
Aiman,Wilfing,Engineer,d006
Hongzhu,Ruemmler,Engineer,d004
Hongzhu,Ruemmler,Engineer,d005
Halsur,Ibel,Staff,d008
Neven,Rikino,Engineer,d006
Arif,Stranks,Senior Engineer,d005
Hein,Jonsson,Senior Staff,d008
Reuven,Oehlmann,Senior Staff,d007
Zhiguo,Staudhammer,Engineer,d005
Nigel,Zirintsis,Engineer,d005
Nigel,Zirintsis,Engineer,d008
Feiyu,Decleir,Technique Leader,d005
Basem,Lortz,Staff,d002
Arun,Zaccaria,Assistant Engineer,d006
Kazuhiko,Marshall,Staff,d004
Kazuhiko,Marshall,Staff,d008
Godehard,Chinal,Assistant Engineer,d005
Yahiko,Sommen,Senior Staff,d007
Jungsoon,Gubsky,Senior Engineer,d004
Zhenbing,Ibel,Senior Engineer,d005
Weidon,Fordan,Senior Engineer,d004
Hugo,Sgarro,Senior Staff,d007
Khaled,Penn,Senior Staff,d007
Pantung,Reeker,Senior Staff,d008
Avishai,Majewski,Engineer,d004
Sugwoo,Eugenio,Senior Staff,d002
Sugwoo,Eugenio,Senior Staff,d003
Mayuko,Clouatre,Engineer,d005
Zongyan,Shackel,Technique Leader,d004
Zongyan,Shackel,Technique Leader,d009
Genevieve,Snedden,Senior Engineer,d004
Fumiyo,Feinberg,Senior Staff,d004
Fumiyo,Feinberg,Senior Staff,d009
Christophe,Leaver,Staff,d003
Shigeaki,Lanteri,Engineer,d005
Rimon,Pietracaprina,Engineer,d005
Girolamo,Schlumberger,Senior Staff,d008
Khun,Spieker,Engineer,d004
Reinhold,Binkley,Engineer,d004
Doohun,Preusig,Technique Leader,d005
Doohun,Preusig,Technique Leader,d008
Terresa,Vigier,Staff,d007
Marit,Paludetto,Engineer,d005
Bluma,Mundy,Engineer,d005
Fumino,Narahara,Engineer,d004
Doowon,Schoegge,Assistant Engineer,d005
Doowon,Schoegge,Assistant Engineer,d006
Djenana,Erol,Engineer,d005
Djenana,Erol,Engineer,d008
Yuichiro,Bale,Technique Leader,d005
Arun,Katzenelson,Engineer,d004
Shaw,Borovoy,Senior Staff,d001
Pradeep,Valiente,Engineer,d004
Hidekazu,Perna,Staff,d009
Ewing,Kalorkoti,Engineer,d004
Randi,Tomescu,Assistant Engineer,d004
Kayoko,Bahi,Staff,d008
Masamitsu,Murrill,Senior Staff,d001
Masamitsu,Murrill,Senior Staff,d003
Sukumar,Georg,Senior Staff,d005
Sukumar,Georg,Senior Staff,d008
Suebskul,Menhardt,Engineer,d006
Uinam,Rahier,Senior Staff,d008
Gaurav,Cheshire,Technique Leader,d005
Deniz,Bennis,Engineer,d005
Weiru,Burnard,Senior Staff,d003
Shigehiro,Haldar,Senior Staff,d007
Luisa,Chelton,Assistant Engineer,d004
Teiji,Marrakchi,Senior Engineer,d004
Haldun,Erie,Senior Engineer,d005
Haldun,Erie,Senior Engineer,d008
Kwangyoen,Peck,Engineer,d005
Jayson,Zockler,Staff,d008
Jouni,Conia,Senior Staff,d001
Shaunak,Brizzi,Assistant Engineer,d004
Aral,Hebden,Senior Staff,d002
Duke,Journel,Senior Staff,d007
Rosita,Pokrovskii,Senior Staff,d007
Hausi,Kamber,Engineer,d004
Marek,Mitchem,Senior Engineer,d004
Sham,Kavanagh,Assistant Engineer,d004
Dung,Tanemo,Senior Staff,d007
Manton,Lueh,Senior Staff,d003
Perry,Cooman,Senior Staff,d003
Herbert,Hammerschmidt,Engineer,d004
Phule,Ruemmler,Engineer,d005
Gladys,Parhami,Senior Staff,d009
Keiichiro,Armand,Assistant Engineer,d005
Rafael,Menhoudj,Senior Engineer,d005
Munehiro,Iwayama,Engineer,d005
Yoshimitsu,Litvinov,Senior Staff,d008
Mahmut,Bolotov,Engineer,d004
Mahmut,Bolotov,Engineer,d005
Yefim,Bernardeschi,Senior Staff,d003
Geoffrey,Siochi,Senior Engineer,d006
Yagil,Remmers,Senior Staff,d007
Matt,Ruemmler,Engineer,d004
Tonny,Kropf,Engineer,d005
Zhigen,Raney,Senior Staff,d007
Uno,Jayawardene,Senior Staff,d008
Ekawit,Schaft,Senior Staff,d003
Francoise,Hegner,Senior Staff,d009
Denis,Narlikar,Senior Staff,d007
Kensyu,Tsunoo,Engineer,d005
Breannda,Maquelin,Senior Staff,d002
Georgy,Bennis,Engineer,d004
Jiong,Zultner,Senior Engineer,d005
Mihalis,Remmers,Senior Staff,d007
Nimmagadda,Baja,Senior Staff,d001
Wuxu,Garigliano,Senior Staff,d009
Kendra,Junet,Senior Staff,d002
Kendra,Junet,Senior Staff,d007
Matk,Chorvat,Senior Staff,d002
Matk,Chorvat,Senior Staff,d003
Kersti,Miculan,Senior Staff,d002
Satoru,Janetzko,Assistant Engineer,d005
Lalit,Lindqvist,Engineer,d005
Luise,Vigier,Engineer,d004
Zita,Reistad,Senior Engineer,d005
Younwoo,Samarati,Senior Engineer,d004
Younwoo,Samarati,Senior Engineer,d006
Kwangsub,Keirsey,Senior Engineer,d005
Panayotis,Hempstead,Senior Engineer,d005
Gill,Varman,Senior Staff,d007
Charmane,Pargas,Engineer,d004
Charmane,Pargas,Engineer,d006
Gadiel,Perly,Senior Staff,d009
Valeska,Cools,Senior Staff,d003
Udo,Ratnakar,Staff,d009
Heekeun,Verhaegen,Senior Engineer,d005
Sanjoy,Porenta,Engineer,d005
Goetz,McAffer,Engineer,d004
Hironoby,Jakobus,Senior Staff,d009
Muzhong,Berztiss,Senior Staff,d007
Sachem,Msuda,Engineer,d005
Leni,Kropatsch,Senior Engineer,d004
Morrie,Iisaku,Senior Staff,d001
Phule,Dahlbom,Engineer,d004
Masasuke,Koprowski,Staff,d001
Yongmao,Pouyioutas,Senior Staff,d007
Pranjal,Reinhard,Staff,d009
Giordano,Maquelin,Senior Engineer,d004
Danco,Debuse,Senior Staff,d001
Oldrich,Adachi,Engineer,d004
Oldrich,Adachi,Engineer,d009
Sanjiv,Bressoud,Engineer,d005
Fayez,Keohane,Senior Staff,d001
Paris,Lieblein,Engineer,d006
Shuho,Laurillard,Technique Leader,d004
Caolyn,Marciano,Senior Engineer,d005
Naraig,Docker,Staff,d007
Geraldo,Gerteisen,Senior Staff,d009
Florian,Pezzoli,Senior Staff,d007
Sanjay,Ciolek,Senior Staff,d008
Arumugam,Pelc,Senior Engineer,d005
Nechama,Kandlur,Engineer,d004
Padma,Delgrange,Senior Staff,d001
Padma,Delgrange,Senior Staff,d009
Danae,Honglei,Engineer,d004
Baoqiu,Kakkar,Engineer,d005
